Workbook

Sheet Review Dashboard
A3: Cumulative Review | All Completed 500-Line Chunks
A4: Review Scope | B4: All Completed Chunks | C4: Latest Chunk | D4: =IFERROR(LOOKUP(2,1/('Code Review Findings'!M2:M1000<>""),'Code Review Findings'!M2:M1000),"Not Started") -> Not Started | E4: Coverage | F4: =IF(COUNTA('Code Review Findings'!A2:A1000)=0,0,1) -> 0 | G4: Last Updated | I4: Review Status | J4: =IF(COUNTA('Code Review Findings'!A2:A1000)=0,"No Findings","Active") -> No Findings
A6: TOTAL FINDINGS | E6: CRITICAL VIOLATIONS | I6: RECOMMENDATIONS
A7: =COUNTA('Code Review Findings'!A2:A1000) -> 0 | E7: =COUNTIF('Code Review Findings'!D2:D1000,"MUST")+COUNTIF('Code Review Findings'!D2:D1000,"MUST NOT") -> 0 | I7: =COUNTIF('Code Review Findings'!D2:D1000,"SHOULD")+COUNTIF('Code Review Findings'!D2:D1000,"SHOULD NOT") -> 0
A10: OPEN FINDINGS | E10: REMEDIATED | I10: REVIEW CHUNKS
A11: =COUNTIF('Code Review Findings'!I2:I1000,"Open") -> 0 | E11: =COUNTIF('Code Review Findings'!I2:I1000,"Remediated") -> 0 | I11: 0
A30: Severity | B30: Findings | D30: Rule Area | E30: Findings | G30: Status | H30: Findings | J30: Review Chunk | K30: Findings
A31: MUST | B31: =COUNTIF('Code Review Findings'!D2:D1000,A31) -> 0 | D31: architecture_design_rules | E31: =COUNTIF('Code Review Findings'!A2:A1000,D31) -> 0 | G31: Open | H31: =COUNTIF('Code Review Findings'!I2:I1000,G31) -> 0 | J31: Chunk 1 | K31: =COUNTIF('Code Review Findings'!M2:M1000,J31) -> 0
A32: MUST NOT | B32: =COUNTIF('Code Review Findings'!D2:D1000,A32) -> 0 | D32: coding_rules | E32: =COUNTIF('Code Review Findings'!A2:A1000,D32) -> 0 | G32: In Progress | H32: =COUNTIF('Code Review Findings'!I2:I1000,G32) -> 0 | J32: Chunk 2 | K32: =COUNTIF('Code Review Findings'!M2:M1000,J32) -> 0
A33: SHOULD | B33: =COUNTIF('Code Review Findings'!D2:D1000,A33) -> 0 | D33: general_rules | E33: =COUNTIF('Code Review Findings'!A2:A1000,D33) -> 0 | G33: Remediated | H33: =COUNTIF('Code Review Findings'!I2:I1000,G33) -> 0 | J33: Chunk 3 | K33: =COUNTIF('Code Review Findings'!M2:M1000,J33) -> 0
A34: SHOULD NOT | B34: =COUNTIF('Code Review Findings'!D2:D1000,A34) -> 0 | D34: naming_conventions | E34: =COUNTIF('Code Review Findings'!A2:A1000,D34) -> 0 | G34: Closed | H34: =COUNTIF('Code Review Findings'!I2:I1000,G34) -> 0 | J34: Chunk 4 | K34: =COUNTIF('Code Review Findings'!M2:M1000,J34) -> 0
D35: obsolescence_rules | E35: =COUNTIF('Code Review Findings'!A2:A1000,D35) -> 0 | G35: Pending | H35: =COUNTIF('Code Review Findings'!I2:I1000,G35) -> 0 | J35: Chunk 5 | K35: =COUNTIF('Code Review Findings'!M2:M1000,J35) -> 0
D36: performance | E36: =COUNTIF('Code Review Findings'!A2:A1000,D36) -> 0 | J36: Chunk 6 | K36: =COUNTIF('Code Review Findings'!M2:M1000,J36) -> 0
D37: security_rules | E37: =COUNTIF('Code Review Findings'!A2:A1000,D37) -> 0 | J37: Chunk 7 | K37: =COUNTIF('Code Review Findings'!M2:M1000,J37) -> 0
D38: spool_rules | E38: =COUNTIF('Code Review Findings'!A2:A1000,D38) -> 0 | J38: Chunk 8 | K38: =COUNTIF('Code Review Findings'!M2:M1000,J38) -> 0
D39: standard_modification_rules | E39: =COUNTIF('Code Review Findings'!A2:A1000,D39) -> 0 | J39: Chunk 9 | K39: =COUNTIF('Code Review Findings'!M2:M1000,J39) -> 0
D40: structure_abap_program | E40: =COUNTIF('Code Review Findings'!A2:A1000,D40) -> 0 | J40: Chunk 10 | K40: =COUNTIF('Code Review Findings'!M2:M1000,J40) -> 0
J41: Chunk 11 | K41: =COUNTIF('Code Review Findings'!M2:M1000,J41) -> 0
J42: Chunk 12 | K42: =COUNTIF('Code Review Findings'!M2:M1000,J42) -> 0
J43: Chunk 13 | K43: =COUNTIF('Code Review Findings'!M2:M1000,J43) -> 0
J44: Chunk 14 | K44: =COUNTIF('Code Review Findings'!M2:M1000,J44) -> 0
E45: REVIEW MATRIX
E46: Review Area | F46: Rules Evaluated | G46: Findings | H46: Critical | I46: Recommendations | J46: Status | K46: =COUNTIF('Code Review Findings'!M2:M1000,J46) -> 0
E47: Architecture & Design | F47: Yes | G47: =COUNTIF('Code Review Findings'!A2:A1000,"architecture_design_rules") -> 0 | H47: =COUNTIFS('Code Review Findings'!A2:A1000,"architecture_design_rules",'Code Review Findings'!D2:D1000,"MUST")+COUNTIFS('Code Review Findings'!A2:A1000,"architecture_design_rules",'Code Review Findings'!D2:D1000,"MUST NOT") -> 0 | I47: =COUNTIFS('Code Review Findings'!A2:A1000,"architecture_design_rules",'Code Review Findings'!D2:D1000,"SHOULD")+COUNTIFS('Code Review Findings'!A2:A1000,"architecture_design_rules",'Code Review Findings'!D2:D1000,"SHOULD NOT") -> 0 | J47: =IF(H47>0,"Critical",IF(I47>0,"Attention",IF(G47>0,"Compliant","Not Applicable"))) -> Not Applicable | K47: =COUNTIF('Code Review Findings'!M2:M1000,J47) -> 0
E48: Coding | F48: Yes | G48: =COUNTIF('Code Review Findings'!A2:A1000,"coding_rules") -> 0 | H48: =COUNTIFS('Code Review Findings'!A2:A1000,"coding_rules",'Code Review Findings'!D2:D1000,"MUST")+COUNTIFS('Code Review Findings'!A2:A1000,"coding_rules",'Code Review Findings'!D2:D1000,"MUST NOT") -> 0 | I48: =COUNTIFS('Code Review Findings'!A2:A1000,"coding_rules",'Code Review Findings'!D2:D1000,"SHOULD")+COUNTIFS('Code Review Findings'!A2:A1000,"coding_rules",'Code Review Findings'!D2:D1000,"SHOULD NOT") -> 0 | J48: =IF(H48>0,"Critical",IF(I48>0,"Attention",IF(G48>0,"Compliant","Not Applicable"))) -> Not Applicable | K48: =COUNTIF('Code Review Findings'!M2:M1000,J48) -> 0
E49: General | F49: Yes | G49: =COUNTIF('Code Review Findings'!A2:A1000,"general_rules") -> 0 | H49: =COUNTIFS('Code Review Findings'!A2:A1000,"general_rules",'Code Review Findings'!D2:D1000,"MUST")+COUNTIFS('Code Review Findings'!A2:A1000,"general_rules",'Code Review Findings'!D2:D1000,"MUST NOT") -> 0 | I49: =COUNTIFS('Code Review Findings'!A2:A1000,"general_rules",'Code Review Findings'!D2:D1000,"SHOULD")+COUNTIFS('Code Review Findings'!A2:A1000,"general_rules",'Code Review Findings'!D2:D1000,"SHOULD NOT") -> 0 | J49: =IF(H49>0,"Critical",IF(I49>0,"Attention",IF(G49>0,"Compliant","Not Applicable"))) -> Not Applicable | K49: =COUNTIF('Code Review Findings'!M2:M1000,J49) -> 0
E50: Naming Conventions | F50: Yes | G50: =COUNTIF('Code Review Findings'!A2:A1000,"naming_conventions") -> 0 | H50: =COUNTIFS('Code Review Findings'!A2:A1000,"naming_conventions",'Code Review Findings'!D2:D1000,"MUST")+COUNTIFS('Code Review Findings'!A2:A1000,"naming_conventions",'Code Review Findings'!D2:D1000,"MUST NOT") -> 0 | I50: =COUNTIFS('Code Review Findings'!A2:A1000,"naming_conventions",'Code Review Findings'!D2:D1000,"SHOULD")+COUNTIFS('Code Review Findings'!A2:A1000,"naming_conventions",'Code Review Findings'!D2:D1000,"SHOULD NOT") -> 0 | J50: =IF(H50>0,"Critical",IF(I50>0,"Attention",IF(G50>0,"Compliant","Not Applicable"))) -> Not Applicable | K50: =COUNTIF('Code Review Findings'!M2:M1000,J50) -> 0
E51: Obsolescence | F51: Yes | G51: =COUNTIF('Code Review Findings'!A2:A1000,"obsolescence_rules") -> 0 | H51: =COUNTIFS('Code Review Findings'!A2:A1000,"obsolescence_rules",'Code Review Findings'!D2:D1000,"MUST")+COUNTIFS('Code Review Findings'!A2:A1000,"obsolescence_rules",'Code Review Findings'!D2:D1000,"MUST NOT") -> 0 | I51: =COUNTIFS('Code Review Findings'!A2:A1000,"obsolescence_rules",'Code Review Findings'!D2:D1000,"SHOULD")+COUNTIFS('Code Review Findings'!A2:A1000,"obsolescence_rules",'Code Review Findings'!D2:D1000,"SHOULD NOT") -> 0 | J51: =IF(H51>0,"Critical",IF(I51>0,"Attention",IF(G51>0,"Compliant","Not Applicable"))) -> Not Applicable | K51: =COUNTIF('Code Review Findings'!M2:M1000,J51) -> 0
E52: Performance | F52: Yes | G52: =COUNTIF('Code Review Findings'!A2:A1000,"performance") -> 0 | H52: =COUNTIFS('Code Review Findings'!A2:A1000,"performance",'Code Review Findings'!D2:D1000,"MUST")+COUNTIFS('Code Review Findings'!A2:A1000,"performance",'Code Review Findings'!D2:D1000,"MUST NOT") -> 0 | I52: =COUNTIFS('Code Review Findings'!A2:A1000,"performance",'Code Review Findings'!D2:D1000,"SHOULD")+COUNTIFS('Code Review Findings'!A2:A1000,"performance",'Code Review Findings'!D2:D1000,"SHOULD NOT") -> 0 | J52: =IF(H52>0,"Critical",IF(I52>0,"Attention",IF(G52>0,"Compliant","Not Applicable"))) -> Not Applicable | K52: =COUNTIF('Code Review Findings'!M2:M1000,J52) -> 0
E53: Security | F53: Yes | G53: =COUNTIF('Code Review Findings'!A2:A1000,"security_rules") -> 0 | H53: =COUNTIFS('Code Review Findings'!A2:A1000,"security_rules",'Code Review Findings'!D2:D1000,"MUST")+COUNTIFS('Code Review Findings'!A2:A1000,"security_rules",'Code Review Findings'!D2:D1000,"MUST NOT") -> 0 | I53: =COUNTIFS('Code Review Findings'!A2:A1000,"security_rules",'Code Review Findings'!D2:D1000,"SHOULD")+COUNTIFS('Code Review Findings'!A2:A1000,"security_rules",'Code Review Findings'!D2:D1000,"SHOULD NOT") -> 0 | J53: =IF(H53>0,"Critical",IF(I53>0,"Attention",IF(G53>0,"Compliant","Not Applicable"))) -> Not Applicable | K53: =COUNTIF('Code Review Findings'!M2:M1000,J53) -> 0
E54: Spool | F54: Yes | G54: =COUNTIF('Code Review Findings'!A2:A1000,"spool_rules") -> 0 | H54: =COUNTIFS('Code Review Findings'!A2:A1000,"spool_rules",'Code Review Findings'!D2:D1000,"MUST")+COUNTIFS('Code Review Findings'!A2:A1000,"spool_rules",'Code Review Findings'!D2:D1000,"MUST NOT") -> 0 | I54: =COUNTIFS('Code Review Findings'!A2:A1000,"spool_rules",'Code Review Findings'!D2:D1000,"SHOULD")+COUNTIFS('Code Review Findings'!A2:A1000,"spool_rules",'Code Review Findings'!D2:D1000,"SHOULD NOT") -> 0 | J54: =IF(H54>0,"Critical",IF(I54>0,"Attention",IF(G54>0,"Compliant","Not Applicable"))) -> Not Applicable | K54: =COUNTIF('Code Review Findings'!M2:M1000,J54) -> 0
E55: Standard Modifications | F55: Yes | G55: =COUNTIF('Code Review Findings'!A2:A1000,"standard_modification_rules") -> 0 | H55: =COUNTIFS('Code Review Findings'!A2:A1000,"standard_modification_rules",'Code Review Findings'!D2:D1000,"MUST")+COUNTIFS('Code Review Findings'!A2:A1000,"standard_modification_rules",'Code Review Findings'!D2:D1000,"MUST NOT") -> 0 | I55: =COUNTIFS('Code Review Findings'!A2:A1000,"standard_modification_rules",'Code Review Findings'!D2:D1000,"SHOULD")+COUNTIFS('Code Review Findings'!A2:A1000,"standard_modification_rules",'Code Review Findings'!D2:D1000,"SHOULD NOT") -> 0 | J55: =IF(H55>0,"Critical",IF(I55>0,"Attention",IF(G55>0,"Compliant","Not Applicable"))) -> Not Applicable | K55: =COUNTIF('Code Review Findings'!M2:M1000,J55) -> 0
E56: Program Structure | F56: Yes | G56: =COUNTIF('Code Review Findings'!A2:A1000,"structure_abap_program") -> 0 | H56: =COUNTIFS('Code Review Findings'!A2:A1000,"structure_abap_program",'Code Review Findings'!D2:D1000,"MUST")+COUNTIFS('Code Review Findings'!A2:A1000,"structure_abap_program",'Code Review Findings'!D2:D1000,"MUST NOT") -> 0 | I56: =COUNTIFS('Code Review Findings'!A2:A1000,"structure_abap_program",'Code Review Findings'!D2:D1000,"SHOULD")+COUNTIFS('Code Review Findings'!A2:A1000,"structure_abap_program",'Code Review Findings'!D2:D1000,"SHOULD NOT") -> 0 | J56: =IF(H56>0,"Critical",IF(I56>0,"Attention",IF(G56>0,"Compliant","Not Applicable"))) -> Not Applicable | K56: =COUNTIF('Code Review Findings'!M2:M1000,J56) -> 0
J57: Chunk 27 | K57: =COUNTIF('Code Review Findings'!M2:M1000,J57) -> 0
J58: Chunk 28 | K58: =COUNTIF('Code Review Findings'!M2:M1000,J58) -> 0
J59: Chunk 29 | K59: =COUNTIF('Code Review Findings'!M2:M1000,J59) -> 0
J60: Chunk 30 | K60: =COUNTIF('Code Review Findings'!M2:M1000,J60) -> 0

Sheet Code Review Findings
A1: Rule File Name | B1: Rule Serial Number | C1: Rule Name / Heading | D1: Rule Tag | E1: Object Impacted | F1: Line Number(s) | G1: Error / Violation Remarks | H1: Recommended Fix | I1: Remediation Status | J1: Developer Comments | K1: Target Completion Date | L1: Reviewer Sign-Off | M1: Review Chunk
